id,lat,lng,YO,MO,DO,TIME,DETAIL
0,-122.433061313,37.723638476,2008,7,15,54,Building_residential - Not_Offensive
1,-122.433376648,37.724260979,2008,7,15,34,Building_residential - Not_Offensive
2,-122.429912883,37.724251298,2008,7,31,5,Sidewalk_in_front_of_property - Not_Offensive
3,-122.433061313,37.723638476,2008,10,2,4,Building_commercial - Not_Offensive
4,-122.429912883,37.724251298,2008,10,8,25,Pole - Not_Offensive
5,-122.430736466,37.724603422,2008,10,8,25,Pole - Not_Offensive
6,-122.430957954,37.718752364,2008,10,23,9,Mail_box - Not_Offensive
7,-122.432477453,37.721599656,2008,11,3,49,Building_residential - Post_Abatement_Inspection
8,-122.433080151,37.71738199,2008,11,22,18,Building_residential - Not_Offensive
9,-122.430079802,37.718227255,2008,11,24,2,Building_residential - Post_Abatement_Inspection
10,-122.431577001,37.720816985,2008,11,26,317,Building_residential - Post_Abatement_Inspection
11,-122.431299436397,37.720837452167,2008,11,28,5,Building_commercial - Not_Offensive
12,-122.431299436397,37.720837452167,2008,12,1,16,Building_residential - Post_Abatement_Inspection
13,-122.432477453,37.721599656,2008,12,4,18,Building_residential - Post_Abatement_Inspection
14,-122.432282869,37.723226844,2008,12,9,241,Building_residential - Not_Offensive
15,-122.431970966134,37.721156728281,2008,12,12,1,Building_residential - Post_Abatement_Inspection
16,-122.431374433,37.718943591,2008,12,29,1,Building_residential - Post_Abatement_Inspection
17,-122.433061313,37.723638476,2008,12,31,220,Building_residential - Not_Offensive
18,-122.433737413111,37.724110492541,2009,1,14,17,Building_residential - Not_Offensive
19,-122.429599088358,37.7200904065534,2009,1,20,7,Pole - Not_Offensive
20,-122.430124255,37.718474302,2009,1,20,7,Pole - Not_Offensive
21,-122.433080151,37.71738199,2009,1,28,175,Building_other - Not_Offensive
22,-122.430957954,37.718752364,2009,2,6,13,Signal_box - Not_Offensive
23,-122.42971464,37.723275809,2009,2,6,32,Pole - Not_Offensive
24,-122.430026261039,37.7223979861424,2009,2,6,32,Pole - Not_Offensive
25,-122.430026261039,37.7223979861424,2009,2,6,32,Pole - Not_Offensive
26,-122.430832732,37.722784464,2009,2,6,32,Pole - Not_Offensive
27,-122.430832732,37.722784464,2009,2,6,32,Pole - Not_Offensive
28,-122.431049764,37.72315147,2009,2,6,5,Pole - Not_Offensive
29,-122.431633236738,37.7231671628729,2009,2,6,32,Pole - Not_Offensive
30,-122.43177462,37.723497513,2009,2,6,8,Pole - Not_Offensive
31,-122.432145804,37.723674647,2009,2,6,4,Pole - Not_Offensive
32,-122.432432013241,37.723549622914,2009,2,6,32,Pole - Not_Offensive
33,-122.432579805,37.723873549,2009,2,6,8,Pole - Not_Offensive
34,-122.432934211,37.723538375,2009,2,6,772,Pole - Not_Offensive
35,-122.433231497,37.723932354,2009,2,6,772,Pole - Not_Offensive
36,-122.433231497,37.723932354,2009,2,6,772,Pole - Not_Offensive
37,-122.433376648,37.724260979,2009,2,6,772,Pole - Not_Offensive
38,-122.433736087,37.723919951,2009,2,6,772,Pole - Not_Offensive
39,-122.430832732,37.722784464,2009,2,7,31,Pole - Not_Offensive
40,-122.430026261039,37.7223979861424,2009,2,7,31,Pole - Not_Offensive
41,-122.430974494,37.723116169,2009,2,7,4,Pole - Not_Offensive
42,-122.431633236738,37.7231671628729,2009,2,7,4,Pole - Not_Offensive
43,-122.431633236738,37.7231671628729,2009,2,7,13,Pole - Not_Offensive
44,-122.432145804,37.723674647,2009,2,7,2,Pole - Not_Offensive
45,-122.43286066,37.723502773,2009,2,7,771,Pole - Not_Offensive
46,-122.432942472,37.723922538,2009,2,7,771,Pole - Not_Offensive
47,-122.433736087,37.723919951,2009,2,7,771,Pole - Not_Offensive
48,-122.430832732,37.722784464,2009,2,7,14,Sidewalk_in_front_of_property - Not_Offensive
49,-122.430974494,37.723116169,2009,2,7,56,Building_residential - Not_Offensive
50,-122.431633236738,37.7231671628729,2009,2,7,7,Building_residential - Not_Offensive
51,-122.433231497,37.723932354,2009,2,7,1,Building_residential - Not_Offensive
52,-122.432432013241,37.723549622914,2009,2,7,2,Pole - Not_Offensive
53,-122.432145804,37.723674647,2009,2,7,2,Pole - Not_Offensive
54,-122.431272124,37.723257702,2009,2,7,32,Sidewalk_in_front_of_property - Not_Offensive
55,-122.431049764,37.72315147,2009,2,7,7,Sidewalk_in_front_of_property - Not_Offensive
56,-122.431049764,37.72315147,2009,2,7,32,Sidewalk_in_front_of_property - Not_Offensive
57,-122.429599088358,37.7200904065534,2009,2,11,8,Pole - Not_Offensive
58,-122.430974494,37.723116169,2009,3,2,390,Building_residential - Post_Abatement_Inspection
59,-122.431229129,37.718874553,2009,4,20,40,Signal_box - Not_Offensive
60,-122.429652443,37.724343467,2009,4,27,33,Pole - Not_Offensive
61,-122.429652443,37.724343467,2009,4,27,33,Pole - Not_Offensive
62,-122.430825697,37.723245792,2009,4,27,33,Pole - Not_Offensive
63,-122.430832732,37.722784464,2009,4,27,33,Pole - Not_Offensive
64,-122.430832732,37.722784464,2009,4,27,33,Pole - Not_Offensive
65,-122.431337882402,37.722961739653,2009,4,27,33,Pole - Not_Offensive
66,-122.431633236738,37.7231671628729,2009,4,27,33,Pole - Not_Offensive
67,-122.432690134,37.723461619,2009,4,27,33,Pole - Not_Offensive
68,-122.433231497,37.723932354,2009,4,27,33,Pole - Not_Offensive
69,-122.433009475,37.7235734,2009,4,27,33,Pole - Not_Offensive
70,-122.429652443,37.724343467,2009,4,27,33,Pole - Not_Offensive
71,-122.430782263,37.723304464,2009,4,27,11,Pole - Not_Offensive
72,-122.430832732,37.722784464,2009,4,27,8,Pole - Not_Offensive
73,-122.431633236738,37.7231671628729,2009,4,27,8,Pole - Not_Offensive
74,-122.431633236738,37.7231671628729,2009,4,27,5,Pole - Not_Offensive
75,-122.431633236738,37.7231671628729,2009,4,27,8,Pole - Not_Offensive
76,-122.432432013241,37.723549622914,2009,4,27,5,Pole - Not_Offensive
77,-122.43286066,37.723502773,2009,4,27,5,Pole - Not_Offensive
78,-122.432987777624,37.723879884502,2009,4,27,5,Pole - Not_Offensive
79,-122.433231497,37.723932354,2009,4,27,33,Pole - Not_Offensive
80,-122.433736087,37.723919951,2009,4,27,3,Pole - Not_Offensive
81,-122.429652443,37.724343467,2009,4,27,11,Pole - Not_Offensive
82,-122.429652443,37.724343467,2009,4,27,33,Mail_box - Not_Offensive
83,-122.431633236738,37.7231671628729,2009,4,27,5,Mail_box - Not_Offensive
84,-122.433231497,37.723932354,2009,4,27,3,Signal_box - Not_Offensive
85,-122.429652443,37.724343467,2009,4,27,161,Sidewalk_in_front_of_property - Not_Offensive
86,-122.433301383,37.724225954,2009,4,27,37,Sidewalk_in_front_of_property - Not_Offensive
87,-122.432145804,37.723674647,2009,4,27,3,Sidewalk_structure - Not_Offensive
88,-122.431759883,37.719138348,2009,5,1,18,Building_residential - Not_Offensive
89,-122.429887209145,37.718168222596,2009,5,1,34,Building_residential - Not_Offensive
90,-122.430538826,37.718592219,2009,5,1,56,Building_residential - Not_Offensive
91,-122.432202213,37.719326126,2009,5,1,817,Building_residential - Not_Offensive
92,-122.430935029,37.721663681,2009,5,3,32,Pole - Not_Offensive
93,-122.430703280722,37.721405898883,2009,5,3,32,Pole - Not_Offensive
94,-122.431113929,37.721428357,2009,5,3,32,Pole - Not_Offensive
95,-122.431448294,37.721187187,2009,5,3,32,Pole - Not_Offensive
96,-122.4318787928,37.721112796814,2009,5,3,32,Pole - Not_Offensive
97,-122.43200636,37.721237095,2009,5,3,32,Pole - Not_Offensive
98,-122.43200636,37.721237095,2009,5,3,32,Pole - Not_Offensive
99,-122.431939610068,37.721430687151,2009,5,3,32,Pole - Not_Offensive
100,-122.433215722,37.721597432,2009,5,3,32,Pole - Not_Offensive
101,-122.433606259599,37.7220003043685,2009,5,3,32,Pole - Not_Offensive
102,-122.433606259599,37.7220003043685,2009,5,3,32,Pole - Not_Offensive
103,-122.432276476,37.719655366,2009,5,3,32,Pole - Not_Offensive
104,-122.432155387,37.720052364,2009,5,3,32,Pole - Not_Offensive
105,-122.430075342,37.720452631,2009,5,3,32,Pole - Not_Offensive
106,-122.429896441,37.720687954,2009,5,3,32,Pole - Not_Offensive
107,-122.43200636,37.721237095,2009,5,3,9,Pole - Not_Offensive
108,-122.43200636,37.721237095,2009,5,3,9,Pole - Not_Offensive
109,-122.43200636,37.721237095,2009,5,3,2,Pole - Not_Offensive
110,-122.432633266404,37.721472387703,2009,5,3,9,Pole - Not_Offensive
111,-122.432725403333,37.721516300647,2009,5,3,17,Pole - Not_Offensive
112,-122.432806132432,37.7216186986126,2009,5,3,9,Pole - Not_Offensive
113,-122.43229855,37.721834708,2009,5,3,9,Pole - Not_Offensive
114,-122.432477453,37.721599656,2009,5,3,9,Pole - Not_Offensive
115,-122.432806132432,37.7216186986126,2009,5,3,9,Pole - Not_Offensive
116,-122.433606259599,37.7220003043685,2009,5,3,9,Pole - Not_Offensive
117,-122.433606259599,37.7220003043685,2009,5,3,17,Pole - Not_Offensive
118,-122.433606259599,37.7220003043685,2009,5,3,17,Pole - Not_Offensive
119,-122.433776155,37.719345623,2009,5,3,6,Pole - Not_Offensive
120,-122.433850272,37.718339847,2009,5,3,6,Pole - Not_Offensive
121,-122.433687583,37.719463548,2009,5,3,6,Pole - Not_Offensive
122,-122.432385117155,37.7192983904956,2009,5,3,6,Pole - Not_Offensive
123,-122.431036001,37.720558577,2009,5,3,6,Pole - Not_Offensive
124,-122.429941594,37.720628979,2009,5,3,6,Pole - Not_Offensive
125,-122.429695819,37.720952475,2009,5,3,6,Pole - Not_Offensive
126,-122.432385117155,37.7192983904956,2009,5,3,6,Sidewalk_in_front_of_property - Not_Offensive
127,-122.432806132432,37.7216186986126,2009,5,3,9,Sidewalk_structure - Not_Offensive
128,-122.432385117155,37.7192983904956,2009,5,3,6,Sidewalk_structure - Not_Offensive
129,-122.432385117155,37.7192983904956,2009,5,3,6,Signal_box - Not_Offensive
130,-122.433606259599,37.7220003043685,2009,5,3,10,Sidewalk_structure - Not_Offensive
131,-122.432385117155,37.7192983904956,2009,5,3,4,Sidewalk_structure - Not_Offensive
132,-122.430777893044,37.7185300529418,2009,5,11,50,Building_commercial - Not_Offensive
133,-122.42955364,37.720604294,2009,5,12,32,Pole - Not_Offensive
134,-122.43015725,37.719811525,2009,5,12,32,Pole - Not_Offensive
135,-122.429738121,37.719451674,2009,5,12,32,Pole - Not_Offensive
136,-122.430259191529,37.719323549414,2009,5,12,32,Pole - Not_Offensive
137,-122.430735629,37.719046361,2009,5,12,32,Pole - Not_Offensive
138,-122.430777893044,37.7185300529418,2009,5,12,32,Pole - Not_Offensive
139,-122.430777893044,37.7185300529418,2009,5,12,32,Pole - Not_Offensive
140,-122.4311066,37.71835107,2009,5,12,32,Pole - Not_Offensive
141,-122.431552964,37.717962475,2009,5,12,32,Pole - Not_Offensive
142,-122.431952421,37.717432356,2009,5,12,32,Pole - Not_Offensive
143,-122.430901279,37.719366137,2009,5,12,32,Pole - Not_Offensive
144,-122.432754523,37.717359863,2009,5,12,32,Pole - Not_Offensive
145,-122.432250023,37.717573612,2009,5,12,32,Pole - Not_Offensive
146,-122.432072865,37.71780891,2009,5,12,32,Pole - Not_Offensive
147,-122.431893991,37.718044785,2009,5,12,32,Pole - Not_Offensive
148,-122.431896960096,37.718393514929,2009,5,12,32,Pole - Not_Offensive
149,-122.431584658,37.718915971,2009,5,12,32,Pole - Not_Offensive
150,-122.431584658,37.718915971,2009,5,12,32,Pole - Not_Offensive
151,-122.431584658,37.718915971,2009,5,12,32,Pole - Not_Offensive
152,-122.429897348295,37.719802408928,2009,5,12,8,Pole - Not_Offensive
153,-122.429599088358,37.7200904065534,2009,5,12,8,Pole - Not_Offensive
154,-122.432331945,37.717532437,2009,5,12,8,Pole - Not_Offensive
155,-122.431984292,37.717926833,2009,5,12,2,Pole - Not_Offensive
156,-122.429599088358,37.7200904065534,2009,5,12,32,Sidewalk_structure - Not_Offensive
157,-122.432128014,37.717735486,2009,5,12,18,Sidewalk_in_front_of_property - Not_Offensive
158,-122.431671679,37.718339058,2009,5,12,5,Sidewalk_in_front_of_property - Not_Offensive
159,-122.429599088358,37.7200904065534,2009,5,12,5,Sidewalk_in_front_of_property - Not_Offensive
160,-122.432754523,37.717359863,2009,5,12,5,Sidewalk_in_front_of_property - Not_Offensive
161,-122.430777893044,37.7185300529418,2009,5,12,8,Signal_box - Not_Offensive
162,-122.430538826,37.718592219,2009,5,14,43,Building_commercial - Not_Offensive
163,-122.431299436397,37.720837452167,2009,5,26,131,Building_commercial - Not_Offensive
164,-122.433516043824,37.722021229299,2009,6,3,77,Building_residential - Not_Offensive
165,-122.431819901,37.718853054,2009,6,15,113,Building_residential - Not_Offensive
166,-122.430079802,37.718227255,2009,6,30,111,Building_residential - Offensive
167,-122.432106609359,37.723329769895,2009,7,3,95,Building_residential - Not_Offensive
168,-122.429978142015,37.7181475983677,2009,7,16,49,Pole - Not_Offensive
169,-122.429606725,37.718186659,2009,7,16,1,Pole - Not_Offensive
170,-122.432754523,37.717359863,2009,7,16,21,Pole - Not_Offensive
171,-122.431952421,37.717432356,2009,7,16,15,Pole - Not_Offensive
172,-122.431775268,37.717667928,2009,7,16,15,Pole - Not_Offensive
173,-122.431552964,37.717962475,2009,7,16,2,Pole - Not_Offensive
174,-122.430735629,37.719046361,2009,7,16,2,Pole - Not_Offensive
175,-122.430259191529,37.719323549414,2009,7,16,2,Pole - Not_Offensive
176,-122.429738121,37.719451674,2009,7,16,1,Pole - Offensive
177,-122.429599088358,37.7200904065534,2009,7,16,15,Pole - Not_Offensive
178,-122.429598801,37.720545593,2009,7,16,5,Pole - Not_Offensive
179,-122.430841408,37.717460736,2009,7,16,5,Pole - Not_Offensive
180,-122.429599088358,37.7200904065534,2009,7,16,15,Pole - Not_Offensive
181,-122.429978142015,37.7181475983677,2009,7,16,84,Street - Not_Offensive
182,-122.429599088358,37.7200904065534,2009,7,16,22,Sidewalk_in_front_of_property - Not_Offensive
183,-122.429978142015,37.7181475983677,2009,7,16,21,Sidewalk_structure - Not_Offensive
184,-122.433516043824,37.722021229299,2009,7,23,27,Building_residential - Post_Abatement_Inspection
185,-122.431584658,37.718915971,2009,7,25,73,Building_residential - Not_Offensive
186,-122.431299436397,37.720837452167,2009,7,30,67,Building_residential - Post_Abatement_Inspection
187,-122.430452584,37.724725094,2009,8,3,6,Sidewalk_in_front_of_property - Not_Offensive
188,-122.429652443,37.724343467,2009,8,3,6,Sidewalk_in_front_of_property - Not_Offensive
189,-122.430452584,37.724725094,2009,8,3,3,Pole - Not_Offensive
190,-122.430452584,37.724725094,2009,8,3,12,Pole - Not_Offensive
191,-122.429797502,37.724669076,2009,8,3,3,Pole - Not_Offensive
192,-122.429652443,37.724343467,2009,8,3,2,Sidewalk_in_front_of_property - Not_Offensive
193,-122.429723959,37.724633746,2009,8,3,9,Sidewalk_structure - Not_Offensive
194,-122.429978142015,37.7181475983677,2009,8,15,7,Sidewalk_in_front_of_property - Offensive
195,-122.430777893044,37.7185300529418,2009,8,18,6,Pole - Not_Offensive
196,-122.4311066,37.71835107,2009,8,18,6,Pole - Not_Offensive
197,-122.430465297,37.718557165,2009,8,18,6,Pole - Not_Offensive
198,-122.430124255,37.718474302,2009,8,18,6,Pole - Not_Offensive
199,-122.429606725,37.718186659,2009,8,18,6,Pole - Not_Offensive
200,-122.432250012,37.717373634,2009,8,18,6,Pole - Not_Offensive
201,-122.4311066,37.71835107,2009,8,18,6,Pole - Not_Offensive
202,-122.429978142015,37.7181475983677,2009,8,19,5,Sidewalk_in_front_of_property - Not_Offensive
203,-122.430624109,37.722075325,2009,8,21,5,Pole - Not_Offensive
204,-122.43200636,37.721237095,2009,8,21,5,Pole - Not_Offensive
205,-122.433606259599,37.7220003043685,2009,8,21,2,Sidewalk_in_front_of_property - Not_Offensive
206,-122.431204865733,37.7208554877297,2009,8,21,2,Sidewalk_in_front_of_property - Not_Offensive
207,-122.430026261039,37.7223979861424,2009,9,10,2,Pole - Not_Offensive
208,-122.432432013241,37.723549622914,2009,9,10,2,Pole - Not_Offensive
209,-122.433736072,37.723719974,2009,9,10,2,Pole - Not_Offensive
210,-122.433811929,37.722714444,2009,9,10,2,Pole - Not_Offensive
211,-122.433198371,37.718670017,2009,9,10,2,Pole - Not_Offensive
212,-122.43081096,37.719483539,2009,9,10,2,Pole - Not_Offensive
213,-122.43035793,37.720148583,2009,9,10,2,Pole - Not_Offensive
214,-122.432432013241,37.723549622914,2009,9,10,2,Pole - Not_Offensive
215,-122.431260418,37.722740644,2009,9,10,2,Pole - Not_Offensive
216,-122.431049764,37.72315147,2009,9,10,2,Pole - Not_Offensive
217,-122.431633236738,37.7231671628729,2009,9,10,2,Pole - Not_Offensive
218,-122.432432013241,37.723549622914,2009,9,10,2,Pole - Not_Offensive
219,-122.432273894,37.723546736,2009,9,10,2,Pole - Not_Offensive
220,-122.432432013241,37.723549622914,2009,9,10,2,Pole - Not_Offensive
221,-122.43286066,37.723502773,2009,9,10,2,Pole - Not_Offensive
222,-122.43322344,37.723556154,2009,9,10,2,Pole - Not_Offensive
223,-122.433654137,37.723760875,2009,9,10,2,Pole - Not_Offensive
224,-122.433489800472,37.717938108001,2009,9,10,4,Pole - Not_Offensive
225,-122.433444905191,37.717997748133,2009,9,10,4,Pole - Not_Offensive
226,-122.4332418,37.718611344,2009,9,10,4,Pole - Not_Offensive
227,-122.43126842,37.719787819,2009,9,10,4,Pole - Not_Offensive
228,-122.430164028,37.720139125,2009,9,10,4,Pole - Not_Offensive
229,-122.430280815,37.722705332,2009,9,10,2,Signal_box - Not_Offensive
230,-122.433555359428,37.7177439167919,2009,9,10,3,Sidewalk_in_front_of_property - Not_Offensive
231,-122.431701085,37.723462459,2009,9,10,5,Sidewalk_structure - Not_Offensive
232,-122.433435158,37.724648986,2009,9,15,5,Pole - Not_Offensive
233,-122.433301412,37.724825338,2009,9,15,3,Pole - Not_Offensive
234,-122.433523751,37.724531611,2009,9,15,3,Pole - Not_Offensive
235,-122.430446192,37.724345845,2009,9,18,16,Pole - Not_Offensive
236,-122.431181156,37.724215406,2009,9,18,16,Pole - Not_Offensive
237,-122.432670746,37.722250533,2009,9,18,16,Pole - Not_Offensive
238,-122.432853604,37.721103704,2009,9,18,172,Pole - Not_Offensive
239,-122.43360856,37.721543737,2009,9,18,16,Pole - Not_Offensive
240,-122.433604622,37.722455788,2009,9,18,16,Pole - Not_Offensive
241,-122.433011794,37.72233284,2009,9,18,16,Pole - Offensive
242,-122.432863672,37.723884549,2009,9,18,16,Pole - Offensive
243,-122.432430995,37.724002624,2009,9,18,12,Pole - Offensive
244,-122.431568670187,37.724583559879,2009,9,18,12,Pole - Offensive
245,-122.431596749562,37.724759637387,2009,9,18,16,Pole - Offensive
246,-122.433231497,37.723932354,2009,9,18,5,Pole - Not_Offensive
247,-122.433376648,37.724260979,2009,9,18,5,Pole - Not_Offensive
248,-122.433736087,37.723919951,2009,9,18,5,Pole - Not_Offensive
249,-122.432432013241,37.723549622914,2009,9,18,5,Pole - Not_Offensive
250,-122.430366604,37.722746229,2009,9,18,5,Pole - Not_Offensive
251,-122.42971464,37.723275809,2009,9,18,7,Pole - Not_Offensive
252,-122.430736466,37.724603422,2009,9,18,7,Pole - Not_Offensive
253,-122.430755518,37.723872422,2009,9,18,7,Pole - Not_Offensive
254,-122.432048971042,37.724162314574,2009,9,18,5,Pole - Not_Offensive
255,-122.431078159,37.723445752,2009,9,18,7,Pole - Not_Offensive
256,-122.431586405,37.72277568,2009,9,18,13,Pole - Not_Offensive
257,-122.432806132432,37.7216186986126,2009,9,18,13,Pole - Not_Offensive
258,-122.433511343012,37.720794482135,2009,9,18,6,Pole - Not_Offensive
259,-122.433670414,37.720930426,2009,9,18,6,Pole - Not_Offensive
260,-122.43349519692,37.72225337234,2009,9,18,4,Pole - Not_Offensive
261,-122.433337137,37.722808492,2009,9,18,4,Pole - Not_Offensive
262,-122.432744313,37.722685816,2009,9,18,4,Pole - Not_Offensive
263,-122.432432013241,37.723549622914,2009,9,18,5,Pole - Not_Offensive
264,-122.432817223,37.723361743,2009,9,18,4,Pole - Not_Offensive
265,-122.43286066,37.723502773,2009,9,18,5,Pole - Not_Offensive
266,-122.432509612,37.723767569,2009,9,18,4,Pole - Not_Offensive
267,-122.432273894,37.723546736,2009,9,18,4,Pole - Not_Offensive
268,-122.432160199,37.724361422,2009,9,18,4,Pole - Not_Offensive
269,-122.432843959,37.723990905,2009,9,18,13,Pole - Not_Offensive
270,-122.432432013241,37.723549622914,2009,9,18,5,Pole - Not_Offensive
271,-122.430452584,37.724725094,2009,9,18,5,Sidewalk_in_front_of_property - Not_Offensive
272,-122.432432013241,37.723549622914,2009,9,18,5,Signal_box - Not_Offensive
273,-122.430280815,37.722705332,2009,9,18,5,Signal_box - Not_Offensive
274,-122.432203632,37.724302749,2009,9,18,12,Sidewalk_in_front_of_property - Not_Offensive
275,-122.432579805,37.723873549,2009,9,18,61,Sidewalk_in_front_of_property - Post_Abatement_Inspection
276,-122.433599008,37.724366932,2009,9,18,11,Sidewalk_in_front_of_property - Not_Offensive
277,-122.432942472,37.723922538,2009,9,18,11,Building_other - Not_Offensive
278,-122.431701085,37.723462459,2009,9,18,558,Sidewalk_in_front_of_property - Not_Offensive
279,-122.433100058,37.723997965,2009,9,18,93,Building_residential - Not_Offensive
280,-122.433301383,37.724225954,2009,9,18,1,Other_enter_additional_details_below - Offensive
281,-122.433301383,37.724225954,2009,9,18,7,Sidewalk_structure - Not_Offensive
282,-122.430026261039,37.7223979861424,2009,9,18,5,Sidewalk_in_front_of_property - Not_Offensive
283,-122.429775625,37.717433152,2009,9,29,25,Pole - Not_Offensive
284,-122.430116815,37.724779766,2009,10,1,48,Building_residential - Not_Offensive
285,-122.430621781,37.724049319,2009,10,2,2,Pole - Not_Offensive
286,-122.431633236738,37.7231671628729,2009,10,2,2,Pole - Not_Offensive
287,-122.43349519692,37.72225337234,2009,10,2,5,Pole - Not_Offensive
288,-122.430688642,37.723960596,2009,10,2,2,Pole - Not_Offensive
289,-122.433337137,37.722808492,2009,10,2,5,Pole - Not_Offensive
290,-122.430156959,37.72432806,2009,10,2,5,Pole - Not_Offensive
291,-122.430061696,37.724321929,2009,10,2,6,Building_residential - Not_Offensive
292,-122.431960323,37.718800757,2009,10,7,7,Pole - Not_Offensive
293,-122.43035793,37.720148583,2009,10,7,7,Pole - Not_Offensive
294,-122.430075342,37.720452631,2009,10,7,7,Pole - Not_Offensive
295,-122.429896441,37.720687954,2009,10,7,24,Pole - Not_Offensive
296,-122.429540371,37.721158845,2009,10,7,24,Pole - Not_Offensive
297,-122.431939141,37.717985809,2009,10,7,24,Pole - Not_Offensive
298,-122.431584658,37.718915971,2009,10,7,27,Pole - Not_Offensive
299,-122.431584658,37.718915971,2009,10,7,27,Pole - Not_Offensive
300,-122.430500048,37.719895183,2009,10,7,7,Pole - Not_Offensive
301,-122.429941594,37.720628979,2009,10,7,24,Pole - Not_Offensive
302,-122.429628951,37.721040923,2009,10,7,24,Pole - Not_Offensive
303,-122.429601636,37.72198687,2009,10,7,24,Pole - Not_Offensive
304,-122.433080151,37.71738199,2009,10,7,3,Building_residential - Not_Offensive
305,-122.429652443,37.724343467,2009,10,7,3,Sidewalk_in_front_of_property - Not_Offensive
306,-122.429652443,37.724343467,2009,10,7,3,Sidewalk_in_front_of_property - Not_Offensive
307,-122.433555359428,37.7177439167919,2009,10,7,37,Sidewalk_in_front_of_property - Not_Offensive
308,-122.433376648,37.724260979,2009,10,10,19,Pole - Not_Offensive
309,-122.430069753,37.717573921,2009,10,10,6,Pole - Not_Offensive
310,-122.429978142015,37.7181475983677,2009,10,10,21,Pole - Not_Offensive
311,-122.43177462,37.723497513,2009,10,10,19,Pole - Not_Offensive
312,-122.43286066,37.723502773,2009,10,11,18,Pole - Not_Offensive
313,-122.431047412,37.724392029,2009,10,11,59,Building_other - Not_Offensive
314,-122.432106609359,37.723329769895,2009,10,15,34,Building_residential - Post_Abatement_Inspection
315,-122.429723959,37.724633746,2009,10,20,2,Sidewalk_in_front_of_property - Not_Offensive
316,-122.429561565,37.71824536,2009,10,20,2,Sidewalk_in_front_of_property - Not_Offensive
317,-122.429978142015,37.7181475983677,2009,10,21,10,Street - Not_Offensive
318,-122.430164028,37.720139125,2009,10,29,11,Building_residential - Not_Offensive
319,-122.430189448,37.723182051,2009,10,29,52,Building_residential - Not_Offensive
320,-122.429936982,37.722981814,2009,10,29,17,Pole - Not_Offensive
321,-122.43049036,37.722251674,2009,10,29,17,Pole - Not_Offensive
322,-122.431735176,37.722046398,2009,10,29,3,Pole - Not_Offensive
323,-122.431512851,37.72234067,2009,10,29,3,Pole - Not_Offensive
324,-122.430874845,37.722275589,2009,10,29,3,Pole - Not_Offensive
325,-122.430825697,37.723245792,2009,10,29,3,Pole - Not_Offensive
326,-122.430290699,37.72395146,2009,10,29,3,Pole - Not_Offensive
327,-122.429652443,37.724343467,2009,10,29,4,Pole - Not_Offensive
328,-122.430855828,37.723740023,2009,10,29,17,Pole - Not_Offensive
329,-122.433736087,37.723919951,2009,10,29,10,Pole - Not_Offensive
330,-122.432683179006,37.720236506378,2009,10,30,2,Pole - Not_Offensive
331,-122.4322758395,37.720774016168,2009,10,30,2,Pole - Not_Offensive
332,-122.432555993,37.720962724,2009,10,30,2,Pole - Not_Offensive
333,-122.43200636,37.721237095,2009,10,30,2,Pole - Not_Offensive
334,-122.430164028,37.720139125,2009,10,30,2,Pole - Not_Offensive
335,-122.432047812,37.721634448,2009,10,30,2,Pole - Not_Offensive
336,-122.431142333,37.721922616,2009,10,30,2,Pole - Not_Offensive
337,-122.431201871,37.722616893,2009,10,30,2,Pole - Not_Offensive
338,-122.430782263,37.723304464,2009,10,30,2,Pole - Not_Offensive
339,-122.430232867,37.723122829,2009,10,30,2,Pole - Not_Offensive
340,-122.430514769,37.723657436,2009,10,30,2,Pole - Not_Offensive
341,-122.430076752,37.724169227,2009,10,30,2,Pole - Not_Offensive
342,-122.430688642,37.723960596,2009,10,30,16,Pole - Not_Offensive
343,-122.431627553,37.723627108,2009,10,30,16,Pole - Offensive
344,-122.433654137,37.723760875,2009,10,30,2,Pole - Not_Offensive
345,-122.433736087,37.723919951,2009,10,30,1,Pole - Not_Offensive
346,-122.432768981,37.719777766,2009,10,30,2,Pole - Not_Offensive
347,-122.432722159,37.719838968,2009,10,30,2,Pole - Not_Offensive
348,-122.43254159,37.720076245,2009,10,30,2,Pole - Not_Offensive
349,-122.432592659637,37.720355953139,2009,10,30,2,Pole - Not_Offensive
350,-122.432734886,37.720727397,2009,10,30,5,Pole - Not_Offensive
351,-122.43200636,37.721237095,2009,10,30,2,Pole - Not_Offensive
352,-122.430870519,37.720910976,2009,10,30,2,Pole - Not_Offensive
353,-122.430499359,37.720734112,2009,10,30,2,Pole - Not_Offensive
354,-122.430267666,37.720268181,2009,10,30,4,Pole - Not_Offensive
355,-122.429775967,37.720310025,2009,10,30,16,Pole - Not_Offensive
356,-122.431512851,37.72234067,2009,10,30,2,Sidewalk_in_front_of_property - Not_Offensive
357,-122.430232867,37.723122829,2009,10,30,9,Sidewalk_structure - Not_Offensive
358,-122.431113929,37.721428357,2009,10,30,5,Sidewalk_structure - Not_Offensive
359,-122.429978142015,37.7181475983677,2009,11,3,32,Pole - Offensive
360,-122.433791426,37.723986618,2009,11,4,5,Pole - Not_Offensive
361,-122.433231497,37.723932354,2009,11,4,5,Pole - Not_Offensive
362,-122.430514769,37.723657436,2009,11,4,12,Pole - Not_Offensive
363,-122.430514769,37.723657436,2009,11,4,12,Pole - Not_Offensive
364,-122.433068539,37.723982825,2009,11,4,5,Pole - Not_Offensive
365,-122.43082741,37.723045511,2009,11,4,11,Sidewalk_in_front_of_property - Not_Offensive
366,-122.433555359428,37.7177439167919,2009,11,7,17,Building_residential - Offensive
367,-122.430075342,37.720452631,2009,11,9,1,Building_commercial - Post_Abatement_Inspection
368,-122.432934211,37.723538375,2009,11,14,32,Pole - Not_Offensive
369,-122.429797502,37.724669076,2009,11,14,32,Pole - Not_Offensive
370,-122.433231497,37.723932354,2009,11,14,6,Pole - Not_Offensive
371,-122.430452584,37.724725094,2009,11,14,6,Sidewalk_in_front_of_property - Not_Offensive
372,-122.432203632,37.724302749,2009,11,14,7,Sidewalk_in_front_of_property - Not_Offensive
373,-122.433736087,37.723919951,2009,11,19,3,Pole - Not_Offensive
374,-122.429652443,37.724343467,2009,11,19,3,Pole - Not_Offensive
375,-122.431543556,37.721393019,2009,11,19,3,Pole - Not_Offensive
376,-122.43200636,37.721237095,2009,11,19,3,Pole - Not_Offensive
377,-122.432633266404,37.721472387703,2009,11,19,6,Pole - Not_Offensive
378,-122.432987777624,37.723879884502,2009,11,19,27,Pole - Not_Offensive
379,-122.431512851,37.72234067,2009,11,19,34,Sidewalk_in_front_of_property - Not_Offensive
380,-122.431201871,37.722616893,2009,11,19,6,Pole - Not_Offensive
381,-122.430232867,37.723122829,2009,11,19,3,Pole - Not_Offensive
382,-122.432047812,37.721634448,2009,11,19,10,Pole - Not_Offensive
383,-122.431337882402,37.722961739653,2009,11,28,11,Pole - Not_Offensive
384,-122.433736087,37.723919951,2009,11,28,8,Pole - Not_Offensive
385,-122.433776155,37.719345623,2009,11,28,6,Pole - Not_Offensive
386,-122.431820396717,37.720150227493,2009,11,28,6,Pole - Offensive
387,-122.431577001,37.720816985,2009,11,28,6,Pole - Not_Offensive
388,-122.431633236738,37.7231671628729,2009,11,28,8,Mail_box - Not_Offensive
389,-122.431633236738,37.7231671628729,2009,11,29,7,Pole - Not_Offensive
390,-122.432112343,37.723185689,2009,11,29,7,Pole - Not_Offensive
391,-122.431965259,37.723115033,2009,11,29,5,Pole - Not_Offensive
392,-122.433736087,37.723919951,2009,11,29,7,Pole - Not_Offensive
393,-122.432887488,37.719281646,2009,11,29,9,Pole - Not_Offensive
394,-122.432066805,37.720170012,2009,11,29,5,Pole - Not_Offensive
395,-122.431204865733,37.7208554877297,2009,11,29,5,Pole - Not_Offensive
396,-122.430026261039,37.7223979861424,2009,11,29,6,Pole - Not_Offensive
397,-122.431710752,37.72064091,2009,11,29,5,Sidewalk_in_front_of_property - Not_Offensive
398,-122.430026261039,37.7223979861424,2009,11,29,10,Signal_box - Not_Offensive
399,-122.432385117155,37.7192983904956,2009,11,29,23,Sidewalk_structure - Not_Offensive
400,-122.429978142015,37.7181475983677,2009,12,1,2,Sidewalk_in_front_of_property - Offensive
401,-122.433736087,37.723919951,2009,12,19,4,Pole - Not_Offensive
402,-122.431049764,37.72315147,2009,12,19,4,Pole - Offensive
403,-122.431633236738,37.7231671628729,2009,12,19,4,Pole - Not_Offensive
404,-122.431633236738,37.7231671628729,2009,12,19,4,Pole - Not_Offensive
405,-122.430832732,37.722784464,2009,12,19,20,Street - Not_Offensive
406,-122.433009475,37.7235734,2009,12,25,5,Pole - Not_Offensive
407,-122.430832732,37.722784464,2009,12,25,23,Sidewalk_in_front_of_property - Not_Offensive
408,-122.432112343,37.723185689,2009,12,25,5,Sidewalk_in_front_of_property - Not_Offensive
409,-122.430499735,37.724210368,2009,12,29,37,Pole - Not_Offensive
410,-122.433030775,37.720868679,2009,12,29,38,Pole - Not_Offensive
411,-122.43229855,37.721834708,2009,12,29,2,Pole - Not_Offensive
412,-122.433511343012,37.720794482135,2009,12,29,2,Pole - Not_Offensive
413,-122.433670414,37.720930426,2009,12,29,2,Pole - Not_Offensive
414,-122.433836448,37.719735799,2009,12,30,1,Pole - Not_Offensive
415,-122.433687641,37.719665173,2009,12,30,9,Pole - Not_Offensive
416,-122.429978142015,37.7181475983677,2009,12,30,2,Sidewalk_in_front_of_property - Offensive
417,-122.429978142015,37.7181475983677,2010,1,5,3,Pole - Not_Offensive
418,-122.430777893044,37.7185300529418,2010,1,5,3,Pole - Not_Offensive
419,-122.430079802,37.718227255,2010,1,5,35,Sidewalk_in_front_of_property - Not_Offensive
420,-122.43019952,37.718509603,2010,1,5,35,Sidewalk_in_front_of_property - Not_Offensive
421,-122.433377755,37.717523243,2010,1,7,35,Building_residential - Offensive
422,-122.433554413,37.71819939,2010,1,15,1,Pole - Not_Offensive
423,-122.432747082,37.719135065,2010,1,15,1,Pole - Not_Offensive
424,-122.42971464,37.723275809,2010,1,15,32,Pole - Not_Offensive
425,-122.433555359428,37.7177439167919,2010,1,15,3,Pole - Not_Offensive
426,-122.431247668,37.721251733,2010,1,15,7,Sidewalk_in_front_of_property - Not_Offensive
427,-122.430957157133,37.721285379355,2010,1,15,7,Sidewalk_in_front_of_property - Not_Offensive
428,-122.432747082,37.719135065,2010,1,15,28,Sidewalk_in_front_of_property - Not_Offensive
429,-122.430578947,37.722134026,2010,1,15,21,Sidewalk_in_front_of_property - Not_Offensive
430,-122.430025563,37.722863893,2010,1,15,21,Sidewalk_in_front_of_property - Not_Offensive
431,-122.43115909,37.721369656,2010,1,15,7,Sidewalk_in_front_of_property - Not_Offensive
432,-122.433489800472,37.717938108001,2010,1,15,21,Sidewalk_in_front_of_property - Not_Offensive
433,-122.432385117155,37.7192983904956,2010,1,15,14,Signal_box - Not_Offensive
434,-122.430280815,37.722705332,2010,1,17,4,Sidewalk_structure - Not_Offensive
435,-122.43082741,37.723045511,2010,1,17,5,Building_residential - Not_Offensive
436,-122.430974494,37.723116169,2010,1,17,5,Building_residential - Not_Offensive
437,-122.432112343,37.723185689,2010,1,17,11,Building_residential - Offensive
438,-122.43082741,37.723045511,2010,1,17,5,Sidewalk_in_front_of_property - Not_Offensive
439,-122.430079802,37.718227255,2010,1,19,21,Building_residential - Post_Abatement_Inspection
440,-122.429952708,37.717927173,2010,1,25,59,Building_residential - Offensive
441,-122.432055771,37.719279907,2010,1,25,71,Building_residential - Not_Offensive
442,-122.431181156,37.724215406,2010,1,27,32,Pole - Not_Offensive
443,-122.432636682,37.724265429,2010,1,27,32,Pole - Not_Offensive
444,-122.430958815,37.724509403,2010,1,27,2,Pole - Not_Offensive
445,-122.433231497,37.723932354,2010,1,27,7,Pole - Not_Offensive
446,-122.433736072,37.723719974,2010,1,27,7,Pole - Not_Offensive
447,-122.429652443,37.724343467,2010,1,27,25,Sidewalk_in_front_of_property - Not_Offensive
448,-122.429723959,37.724633746,2010,1,27,11,Sidewalk_in_front_of_property - Not_Offensive
449,-122.430061696,37.724321929,2010,1,27,3,Sidewalk_in_front_of_property - Not_Offensive
450,-122.432942472,37.723922538,2010,1,27,3,Sidewalk_in_front_of_property - Not_Offensive
451,-122.432754523,37.717359863,2010,2,2,54,Pole - Not_Offensive
452,-122.431893991,37.718044785,2010,2,2,48,Pole - Not_Offensive
453,-122.431584658,37.718915971,2010,2,2,48,Pole - Not_Offensive
454,-122.430777893044,37.7185300529418,2010,2,2,54,Pole - Not_Offensive
455,-122.430124255,37.718474302,2010,2,2,48,Pole - Not_Offensive
456,-122.432754523,37.717359863,2010,2,3,53,Pole - Not_Offensive
457,-122.432754523,37.717359863,2010,2,3,2,Sidewalk_in_front_of_property - Not_Offensive
458,-122.429982137,37.722922839,2010,2,7,3,Pole - Not_Offensive
459,-122.430025563,37.722863893,2010,2,7,1,Pole - Not_Offensive
460,-122.429611652,37.722505879,2010,2,7,3,Pole - Not_Offensive
461,-122.432863672,37.723884549,2010,2,7,32,Pole - Not_Offensive
462,-122.433376648,37.724260979,2010,2,7,50,Pole - Not_Offensive
463,-122.432747082,37.719135065,2010,2,7,50,Pole - Not_Offensive
464,-122.430748498435,37.721346725248,2010,2,7,50,Pole - Not_Offensive
465,-122.432432013241,37.723549622914,2010,2,7,50,Pole - Not_Offensive
466,-122.433050183,37.717958242,2010,2,7,50,Pole - Not_Offensive
467,-122.433377755,37.717523243,2010,2,7,10,Sidewalk_in_front_of_property - Not_Offensive
468,-122.433019499,37.718905894,2010,2,7,32,Sidewalk_in_front_of_property - Not_Offensive
469,-122.431204865733,37.7208554877297,2010,2,7,15,Sidewalk_in_front_of_property - Not_Offensive
470,-122.430026261039,37.7223979861424,2010,2,7,25,Street - Not_Offensive
471,-122.430026261039,37.7223979861424,2010,2,7,3,Signal_box - Not_Offensive
472,-122.430452584,37.724725094,2010,2,17,15,Pole - Not_Offensive
473,-122.430452584,37.724725094,2010,2,17,15,Pole - Not_Offensive
474,-122.430314498,37.720207256,2010,2,17,33,Pole - Not_Offensive
475,-122.430755518,37.723872422,2010,2,17,3,Pole - Not_Offensive
476,-122.431584658,37.718915971,2010,2,17,15,Pole - Not_Offensive
477,-122.432174236,37.718582437,2010,2,17,19,Sidewalk_in_front_of_property - Not_Offensive
478,-122.429978142015,37.7181475983677,2010,2,19,3,Building_residential - Offensive
479,-122.43042582,37.720698783,2010,2,26,33,Building_other - Post_Abatement_Inspection
480,-122.430452584,37.724725094,2010,3,2,3,Pole - Not_Offensive
481,-122.433561061,37.718122641,2010,3,2,3,Pole - Not_Offensive
482,-122.42971464,37.723275809,2010,3,2,3,Pole - Not_Offensive
483,-122.433713812,37.717746823,2010,3,2,34,Sidewalk_structure - Not_Offensive
484,-122.430025563,37.722863893,2010,3,2,50,Building_residential - Not_Offensive
485,-122.429797502,37.724669076,2010,3,6,19,Pole - Not_Offensive
486,-122.433850249,37.718139594,2010,3,9,17,Pole - Not_Offensive
487,-122.431299436397,37.720837452167,2010,3,12,10,Building_commercial - Not_Offensive
488,-122.433231497,37.723932354,2010,3,15,77,Pole - Not_Offensive
489,-122.433231497,37.723932354,2010,3,15,8,Pole - Not_Offensive
490,-122.433231497,37.723932354,2010,3,15,8,Pole - Not_Offensive
491,-122.432843959,37.723990905,2010,3,15,8,Pole - Not_Offensive
492,-122.430912795,37.718811065,2010,3,15,8,Pole - Not_Offensive
493,-122.429687381,37.720427672,2010,3,15,8,Pole - Not_Offensive
494,-122.430026261039,37.7223979861424,2010,3,15,42,Building_residential - Not_Offensive
495,-122.429785497,37.722075606,2010,3,15,41,Building_residential - Not_Offensive
496,-122.432282869,37.723226844,2010,3,15,8,Building_residential - Not_Offensive
497,-122.433736087,37.723919951,2010,3,15,42,Building_residential - Not_Offensive
498,-122.430110292,37.722664175,2010,3,24,2,Building_residential - Post_Abatement_Inspection
499,-122.430452584,37.724725094,2010,3,25,5,Pole - Not_Offensive
500,-122.429946316,37.724739707,2010,3,29,28,Building_residential - Post_Abatement_Inspection
501,-122.43349519692,37.72225337234,2010,3,29,3,Building_residential - Post_Abatement_Inspection
502,-122.431299436397,37.720837452167,2010,3,31,22,Building_residential - Not_Offensive
503,-122.430189448,37.723182051,2010,3,31,5,Building_residential - Not_Offensive
504,-122.430452584,37.724725094,2010,4,6,2,Pole - Not_Offensive
505,-122.431023147708,37.724079087731,2010,4,6,2,Pole - Not_Offensive
506,-122.433606259599,37.7220003043685,2010,4,6,3,Pole - Not_Offensive
507,-122.433789151,37.721307281,2010,4,6,3,Pole - Not_Offensive
508,-122.433231497,37.723932354,2010,4,6,2,Pole - Not_Offensive
509,-122.432677441,37.722773992,2010,4,6,3,Pole - Not_Offensive
510,-122.433231497,37.723932354,2010,4,6,3,Pole - Not_Offensive
511,-122.430452584,37.724725094,2010,4,6,200,Sidewalk_in_front_of_property - Not_Offensive
512,-122.433133312,37.724013352,2010,4,6,4,Sidewalk_structure - Not_Offensive
513,-122.429672124,37.724568669,2010,4,6,3,Pole - Not_Offensive
514,-122.431299436397,37.720837452167,2010,4,6,17,Building_commercial - Post_Abatement_Inspection
515,-122.430155447,37.7226052,2010,4,22,4,Building_residential - Post_Abatement_Inspection
516,-122.430873855,37.720240666,2010,4,23,4,Pole - Not_Offensive
517,-122.43042582,37.720698783,2010,4,23,4,Pole - Not_Offensive
518,-122.430411431,37.720477615,2010,4,23,4,Signal_box - Not_Offensive
519,-122.432396553,37.718288437,2010,4,23,9,Sidewalk_in_front_of_property - Not_Offensive
520,-122.432432013241,37.723549622914,2010,4,30,14,Pole - Not_Offensive
521,-122.429797502,37.724669076,2010,4,30,14,Pole - Not_Offensive
522,-122.431433622,37.724415365,2010,4,30,14,Pole - Not_Offensive
523,-122.430452584,37.724725094,2010,4,30,14,Pole - Not_Offensive
524,-122.432817540406,37.721560213491,2010,5,3,77,Building_commercial - Not_Offensive
525,-122.430189448,37.723182051,2010,5,3,76,Building_residential - Not_Offensive
526,-122.430832732,37.722784464,2010,5,9,33,Pole - Not_Offensive
527,-122.433465288,37.719558945,2010,5,10,32,Pole - Not_Offensive
528,-122.43197823,37.720287936,2010,5,10,32,Pole - Not_Offensive
529,-122.431204865733,37.7208554877297,2010,5,10,32,Pole - Not_Offensive
530,-122.432895314298,37.719606256885,2010,5,10,4,Pole - Not_Offensive
531,-122.433486968,37.724314107,2010,5,10,4,Sidewalk_in_front_of_property - Not_Offensive
532,-122.431113929,37.721428357,2010,5,10,4,Sidewalk_structure - Not_Offensive
533,-122.43082741,37.723045511,2010,5,10,4,Sidewalk_in_front_of_property - Not_Offensive
534,-122.430026261039,37.7223979861424,2010,5,10,125,Sidewalk_in_front_of_property - Not_Offensive
535,-122.430280815,37.722705332,2010,5,10,7,Sidewalk_structure - Not_Offensive
536,-122.433133312,37.724013352,2010,5,10,4,Sidewalk_structure - Not_Offensive
537,-122.431036001,37.720558577,2010,5,12,5,Pole - Not_Offensive
538,-122.4318787928,37.721112796814,2010,5,12,5,Pole - Not_Offensive
539,-122.43200636,37.721237095,2010,5,12,5,Pole - Not_Offensive
540,-122.433142188,37.721562379,2010,5,12,5,Pole - Not_Offensive
541,-122.430267666,37.720268181,2010,5,12,109,Building_residential - Not_Offensive
542,-122.432477453,37.721599656,2010,5,12,49,Building_residential - Not_Offensive
543,-122.431819901,37.718853054,2010,5,20,88,Building_residential - Not_Offensive
544,-122.431299436397,37.720837452167,2010,5,20,97,Building_commercial - Not_Offensive
545,-122.431181156,37.724215406,2010,5,22,2,Pole - Not_Offensive
546,-122.433231497,37.723932354,2010,5,22,2,Pole - Not_Offensive
547,-122.432685171,37.724201729,2010,5,22,2,Pole - Not_Offensive
548,-122.433048932,37.724625108,2010,5,22,2,Pole - Not_Offensive
549,-122.429652443,37.724343467,2010,5,22,3,Pole - Not_Offensive
550,-122.432843959,37.723990905,2010,5,22,2,Pole - Offensive
551,-122.433231497,37.723932354,2010,5,22,2,Fire_call_box - Offensive
552,-122.429652443,37.724343467,2010,5,22,3,Mail_box - Offensive
553,-122.432754523,37.717359863,2010,5,27,7,Pole - Not_Offensive
554,-122.432477453,37.721599656,2010,5,28,33,Building_residential - Post_Abatement_Inspection
555,-122.430832732,37.722784464,2010,5,29,2,Pole - Not_Offensive
556,-122.43200636,37.721237095,2010,5,29,2,Pole - Not_Offensive
557,-122.432734886,37.720727397,2010,5,29,2,Pole - Not_Offensive
558,-122.43267533,37.719899894,2010,5,29,2,Pole - Not_Offensive
559,-122.431204865733,37.7208554877297,2010,5,29,2,Pole - Not_Offensive
560,-122.430537142,37.722787935,2010,5,29,2,Pole - Not_Offensive
561,-122.430189448,37.723182051,2010,5,29,2,Pole - Not_Offensive
562,-122.430782263,37.723304464,2010,5,29,84,Pole - Not_Offensive
563,-122.431142333,37.721922616,2010,5,29,2,Pole - Not_Offensive
564,-122.432047812,37.721634448,2010,5,29,2,Pole - Not_Offensive
565,-122.43200636,37.721237095,2010,5,29,2,Pole - Not_Offensive
566,-122.432290225,37.721115419,2010,5,29,2,Pole - Not_Offensive
567,-122.432734886,37.720727397,2010,5,29,2,Pole - Not_Offensive
568,-122.432592659637,37.720355953139,2010,5,29,2,Pole - Not_Offensive
569,-122.432768981,37.719777766,2010,5,29,2,Pole - Not_Offensive
570,-122.432385117155,37.7192983904956,2010,5,29,5,Pole - Not_Offensive
571,-122.430944058,37.720946305,2010,5,29,2,Pole - Not_Offensive
572,-122.430944058,37.720946305,2010,5,29,2,Sidewalk_in_front_of_property - Not_Offensive
573,-122.432385117155,37.7192983904956,2010,6,2,3,Signal_box - Not_Offensive
574,-122.430452584,37.724725094,2010,6,11,4,Pole - Not_Offensive
575,-122.431965259,37.723115033,2010,6,11,3,Pole - Not_Offensive
576,-122.431204865733,37.7208554877297,2010,6,19,3,Pole - Not_Offensive
577,-122.432385117155,37.7192983904956,2010,6,19,3,Pole - Not_Offensive
578,-122.432477453,37.721599656,2010,6,23,8,Building_commercial - Not_Offensive
579,-122.432589857,37.72432663,2010,6,23,270,Building_residential - Not_Offensive
580,-122.430026261039,37.7223979861424,2010,7,2,1,Pole - Not_Offensive
581,-122.431677301,37.72121667,2010,7,2,142,Building_residential - Not_Offensive
582,-122.430026261039,37.7223979861424,2010,7,2,23,Sidewalk_in_front_of_property - Not_Offensive
583,-122.432579805,37.723873549,2010,7,6,1,Pole - Not_Offensive
584,-122.433516043824,37.722021229299,2010,7,8,46,Building_commercial - Not_Offensive
585,-122.430537142,37.722787935,2010,7,9,6,Pole - Not_Offensive
586,-122.432432013241,37.723549622914,2010,7,9,6,Pole - Not_Offensive
587,-122.432987777624,37.723879884502,2010,7,9,7,Sidewalk_in_front_of_property - Not_Offensive
588,-122.430280815,37.722705332,2010,7,9,6,Signal_box - Not_Offensive
589,-122.433850249,37.718139594,2010,7,11,4,Pole - Not_Offensive
590,-122.433050176,37.717758539,2010,7,11,4,Pole - Not_Offensive
591,-122.431212187,37.718954492,2010,7,11,4,Pole - Not_Offensive
592,-122.43035793,37.720148583,2010,7,11,4,Pole - Not_Offensive
593,-122.42985128,37.720746654,2010,7,11,4,Pole - Not_Offensive
594,-122.430411431,37.720477615,2010,7,11,4,Pole - Not_Offensive
595,-122.429762693,37.720864301,2010,7,11,4,Pole - Not_Offensive
596,-122.429695819,37.720952475,2010,7,11,4,Pole - Not_Offensive
597,-122.429807854,37.720805601,2010,7,11,29,Building_residential - Not_Offensive
598,-122.432396553,37.718288437,2010,7,11,38,Sidewalk_in_front_of_property - Not_Offensive
599,-122.433133312,37.724013352,2010,7,11,330,Building_commercial - Not_Offensive
600,-122.433516043824,37.722021229299,2010,7,13,1,Building_residential - Post_Abatement_Inspection
601,-122.429775625,37.717433152,2010,7,18,2,Pole - Not_Offensive
602,-122.433231497,37.723932354,2010,7,18,323,Pole - Not_Offensive
603,-122.431633236738,37.7231671628729,2010,7,18,32,Pole - Not_Offensive
604,-122.431299436397,37.720837452167,2010,7,20,37,Building_residential - Post_Abatement_Inspection
605,-122.431568670187,37.724583559879,2010,7,25,32,Pole - Not_Offensive
606,-122.431032374,37.724744984,2010,7,25,2,Pole - Not_Offensive
607,-122.432501263,37.724444005,2010,7,25,32,Pole - Not_Offensive
608,-122.433231497,37.723932354,2010,7,25,2,Signal_box - Not_Offensive
609,-122.430901279,37.719366137,2010,8,1,3,Pole - Not_Offensive
610,-122.430076752,37.724169227,2010,8,1,4,Pole - Not_Offensive
611,-122.430782263,37.723304464,2010,8,1,4,Pole - Not_Offensive
612,-122.430411431,37.720477615,2010,8,1,3,Pole - Not_Offensive
613,-122.432250023,37.717573612,2010,8,1,3,Pole - Not_Offensive
614,-122.432027714,37.717867886,2010,8,1,239,Sidewalk_in_front_of_property - Not_Offensive
615,-122.430809040773,37.722709469697,2010,8,1,2,Sidewalk_in_front_of_property - Offensive
616,-122.433322724,37.722121442,2010,8,1,239,Building_residential - Not_Offensive
617,-122.433791426,37.723986618,2010,8,2,41,Building_residential - Not_Offensive
618,-122.432145804,37.723674647,2010,8,4,39,Building_residential - Not_Offensive
619,-122.430139334,37.718921807,2010,8,20,3,Pole - Not_Offensive
620,-122.429687381,37.720427672,2010,8,20,3,Pole - Not_Offensive
621,-122.431137288,37.717602298,2010,8,20,67,Sidewalk_in_front_of_property - Not_Offensive
622,-122.433791426,37.723986618,2010,8,25,6,Pole - Not_Offensive
623,-122.433555359428,37.7177439167919,2010,9,7,387,Building_residential - Post_Abatement_Inspection
624,-122.433377755,37.717523243,2010,9,7,387,Building_residential - Post_Abatement_Inspection
625,-122.429775967,37.720310025,2010,9,7,61,Building_residential - Post_Abatement_Inspection
626,-122.429599088358,37.7200904065534,2010,9,14,2,Pole - Not_Offensive
627,-122.432250012,37.717373634,2010,10,15,2,Pole - Not_Offensive
628,-122.429978142015,37.7181475983677,2010,10,15,2,Pole - Not_Offensive
629,-122.431965259,37.723115033,2010,10,17,2,Pole - Not_Offensive
630,-122.432432013241,37.723549622914,2010,10,17,2,Pole - Not_Offensive
631,-122.432853604,37.721103704,2010,10,17,32,Pole - Not_Offensive
632,-122.430452584,37.724725094,2010,10,17,32,Pole - Not_Offensive
633,-122.429889151,37.722205212,2010,10,17,2,Pole - Not_Offensive
634,-122.4315122,37.722980994,2010,10,17,2,Pole - Not_Offensive
635,-122.431633236738,37.7231671628729,2010,10,17,2,Pole - Not_Offensive
636,-122.433670414,37.720930426,2010,10,17,2,Pole - Not_Offensive
637,-122.432734932,37.721327604,2010,10,17,5,Pole - Not_Offensive
638,-122.432477453,37.721599656,2010,10,17,2,Pole - Not_Offensive
639,-122.430755518,37.723872422,2010,10,17,2,Pole - Not_Offensive
640,-122.430512087,37.722422452,2010,10,17,5,Pole - Not_Offensive
641,-122.431448294,37.721187187,2010,10,22,3,Pole - Not_Offensive
642,-122.432679334855,37.721494344184,2010,10,22,3,Pole - Not_Offensive
643,-122.431204865733,37.7208554877297,2010,10,22,3,Pole - Offensive
644,-122.432437306,37.721186075,2010,10,22,3,Pole - Offensive
645,-122.433142188,37.721562379,2010,10,22,3,Pole - Offensive
646,-122.432944882,37.721821083,2010,10,22,3,Pole - Offensive
647,-122.433516043824,37.722021229299,2010,10,23,2,Pole - Not_Offensive
648,-122.433606259599,37.7220003043685,2010,10,23,2,Pole - Not_Offensive
649,-122.433606259599,37.7220003043685,2010,10,23,2,Pole - Not_Offensive
650,-122.433100363,37.722015213,2010,10,23,2,Sidewalk_in_front_of_property - Not_Offensive
651,-122.430024594,37.717632621,2010,10,30,1,Pole - Not_Offensive
652,-122.430452584,37.724725094,2010,10,30,19,Pole - Not_Offensive
653,-122.430026261039,37.7223979861424,2010,11,1,3,Pole - Not_Offensive
654,-122.430026261039,37.7223979861424,2010,11,1,1,Pole - Not_Offensive
655,-122.430366604,37.722746229,2010,11,1,3,Pole - Not_Offensive
656,-122.430832732,37.722784464,2010,11,1,1,Pole - Not_Offensive
657,-122.430026261039,37.7223979861424,2010,11,1,3,Pole - Not_Offensive
658,-122.430280815,37.722705332,2010,11,1,44,Signal_box - Not_Offensive
659,-122.430280815,37.722705332,2010,11,1,39,Sidewalk_in_front_of_property - Not_Offensive
660,-122.432432013241,37.723549622914,2010,11,1,23,Sidewalk_in_front_of_property - Not_Offensive
661,-122.431299436397,37.720837452167,2010,11,2,38,Building_commercial - Not_Offensive
662,-122.430748498435,37.721346725248,2010,11,6,137,Pole - Not_Offensive
663,-122.430026261039,37.7223979861424,2010,11,6,2,Pole - Not_Offensive
664,-122.433687583,37.719463548,2010,11,6,2,Pole - Not_Offensive
665,-122.43318523147,37.7196805484089,2010,11,6,2,Pole - Not_Offensive
666,-122.43318523147,37.7196805484089,2010,11,6,2,Pole - Not_Offensive
667,-122.432768981,37.719777766,2010,11,6,2,Pole - Not_Offensive
668,-122.43254159,37.720076245,2010,11,6,2,Pole - Not_Offensive
669,-122.432734886,37.720727397,2010,11,6,2,Pole - Not_Offensive
670,-122.43200636,37.721237095,2010,11,6,2,Pole - Not_Offensive
671,-122.431204865733,37.7208554877297,2010,11,6,2,Pole - Not_Offensive
672,-122.432501263,37.724444005,2010,11,9,2,Pole - Not_Offensive
673,-122.432685171,37.724201729,2010,11,9,2,Pole - Not_Offensive
674,-122.432432013241,37.723549622914,2010,11,9,2,Pole - Not_Offensive
675,-122.430832732,37.722784464,2010,11,9,2,Pole - Not_Offensive
676,-122.433486968,37.724314107,2010,11,9,4,Pole - Not_Offensive
677,-122.431633236738,37.7231671628729,2010,11,9,264,Sidewalk_in_front_of_property - Not_Offensive
678,-122.432589857,37.72432663,2010,11,9,50,Sidewalk_in_front_of_property - Not_Offensive
679,-122.433737413111,37.724110492541,2010,11,9,50,Building_residential - Not_Offensive
680,-122.431965259,37.723115033,2010,11,9,212,Building_residential - Not_Offensive
681,-122.430189448,37.723182051,2010,11,9,51,Building_residential - Not_Offensive
682,-122.432358147,37.723262418,2010,11,9,50,Sidewalk_in_front_of_property - Not_Offensive
683,-122.431759883,37.719138348,2010,11,14,2,Pole - Offensive
684,-122.432385117155,37.7192983904956,2010,11,14,1,Pole - Offensive
685,-122.433198371,37.718670017,2010,11,14,1,Pole - Offensive
686,-122.432637527,37.719177517,2010,11,14,1,Pole - Offensive
687,-122.432385117155,37.7192983904956,2010,11,14,2,Signal_box - Not_Offensive
688,-122.429599088358,37.7200904065534,2010,11,14,2,Signal_box - Not_Offensive
689,-122.432637527,37.719177517,2010,11,14,46,Sidewalk_in_front_of_property - Not_Offensive
690,-122.432087409,37.718900584,2010,11,14,9,Building_residential - Not_Offensive
691,-122.431775268,37.717667928,2010,11,24,32,Pole - Not_Offensive
692,-122.431584658,37.718915971,2010,11,29,5,Pole - Not_Offensive
693,-122.430267666,37.720268181,2010,12,3,43,Building_residential - Not_Offensive
694,-122.432747082,37.719135065,2010,12,6,24,Building_residential - Post_Abatement_Inspection
695,-122.430026261039,37.7223979861424,2010,12,6,9,Pole - Offensive
696,-122.432432013241,37.723549622914,2010,12,6,9,Pole - Offensive
697,-122.429978142015,37.7181475983677,2010,12,6,9,Pole - Not_Offensive
698,-122.430026261039,37.7223979861424,2010,12,6,25,Street - Not_Offensive
699,-122.430688298,37.720352761,2010,12,6,42,Building_commercial - Offensive
700,-122.4311066,37.71835107,2010,12,13,48,Building_residential - Not_Offensive
701,-122.430411431,37.720477615,2010,12,14,1,Pole - Not_Offensive
702,-122.430411431,37.720477615,2010,12,14,10,Signal_box - Not_Offensive
703,-122.430735629,37.719046361,2010,12,17,5,Pole - Not_Offensive
704,-122.432432013241,37.723549622914,2010,12,29,38,Building_residential - Not_Offensive
705,-122.429775967,37.720310025,2010,12,29,16,Building_residential - Post_Abatement_Inspection
706,-122.431032374,37.724744984,2010,12,30,9,Pole - Not_Offensive
707,-122.429652443,37.724343467,2011,1,6,4,Pole - Not_Offensive
708,-122.431775268,37.717667928,2011,1,6,4,Pole - Not_Offensive
709,-122.429652443,37.724343467,2011,1,7,3,Sidewalk_structure - Not_Offensive
710,-122.430155447,37.7226052,2011,1,11,15,Building_residential - Post_Abatement_Inspection
711,-122.431330876,37.718930845,2011,1,22,4,Pole - Not_Offensive
712,-122.432385117155,37.7192983904956,2011,1,22,4,Pole - Not_Offensive
713,-122.429978142015,37.7181475983677,2011,1,22,4,Pole - Not_Offensive
714,-122.432385117155,37.7192983904956,2011,1,22,4,Pole - Not_Offensive
715,-122.431633236738,37.7231671628729,2011,1,22,4,Pole - Not_Offensive
716,-122.430026261039,37.7223979861424,2011,1,22,4,Pole - Not_Offensive
717,-122.430079802,37.718227255,2011,1,22,4,Sidewalk_in_front_of_property - Not_Offensive
718,-122.432385117155,37.7192983904956,2011,1,22,4,Sidewalk_structure - Not_Offensive
719,-122.432575433,37.718052836,2011,1,26,4,Pole - Not_Offensive
720,-122.430411431,37.720477615,2011,1,26,4,Signal_box - Not_Offensive
721,-122.431584658,37.718915971,2011,1,26,4,Sidewalk_structure - Not_Offensive
722,-122.430024594,37.717632621,2011,1,29,2,Pole - Not_Offensive
723,-122.430006247,37.717791696,2011,1,29,2,Pole - Not_Offensive
724,-122.432475219,37.723442345,2011,1,29,3,Building_residential - Not_Offensive
725,-122.430267666,37.720268181,2011,2,14,210,Building_residential - Not_Offensive
726,-122.431677301,37.72121667,2011,2,14,215,Building_residential - Not_Offensive
727,-122.429599088358,37.7200904065534,2011,2,16,2,Pole - Not_Offensive
728,-122.430777893044,37.7185300529418,2011,2,16,2,Pole - Not_Offensive
729,-122.432339867,37.719100816,2011,2,17,44,Building_residential - Not_Offensive
730,-122.430026261039,37.7223979861424,2011,2,26,1,Pole - Not_Offensive
731,-122.430537142,37.722787935,2011,2,26,6,Pole - Not_Offensive
732,-122.432863672,37.723884549,2011,2,26,1,Pole - Not_Offensive
733,-122.430280815,37.722705332,2011,2,26,6,Signal_box - Not_Offensive
734,-122.430528791,37.717872958,2011,2,26,6,Sidewalk_structure - Not_Offensive
735,-122.430537142,37.722787935,2011,2,26,6,Sidewalk_structure - Not_Offensive
736,-122.430280815,37.722705332,2011,2,26,241,Sidewalk_in_front_of_property - Not_Offensive
737,-122.432385117155,37.7192983904956,2011,3,11,3,Signal_box - Not_Offensive
738,-122.432352643,37.719126702,2011,3,11,20,Building_residential - Not_Offensive
739,-122.432145804,37.723674647,2011,3,25,6,Building_residential - Not_Offensive
740,-122.433737413111,37.724110492541,2011,3,25,6,Building_residential - Not_Offensive
741,-122.432385117155,37.7192983904956,2011,3,25,47,Building_residential - Not_Offensive
742,-122.433736087,37.723919951,2011,4,2,30,Building_residential - Post_Abatement_Inspection
743,-122.432432013241,37.723549622914,2011,4,3,1,Pole - Not_Offensive
744,-122.432747082,37.719135065,2011,4,7,2,Pole - Offensive
745,-122.43197823,37.720287936,2011,4,7,5,Pole - Offensive
746,-122.43049036,37.722251674,2011,4,7,2,Pole - Offensive
747,-122.432385117155,37.7192983904956,2011,4,7,2,Pole - Not_Offensive
748,-122.433713812,37.717746823,2011,4,7,111,Sidewalk_in_front_of_property - Not_Offensive
749,-122.432976639,37.717723211,2011,4,16,2,Pole - Not_Offensive
750,-122.433555359428,37.7177439167919,2011,4,17,2,Street - Not_Offensive
751,-122.429599088358,37.7200904065534,2011,4,20,3,Pole - Not_Offensive
752,-122.43328927,37.721633034,2011,4,20,35,Sidewalk_in_front_of_property - Not_Offensive
753,-122.431204865733,37.7208554877297,2011,4,20,35,Sidewalk_in_front_of_property - Not_Offensive
754,-122.429599088358,37.7200904065534,2011,4,20,3,Pole - Not_Offensive
755,-122.430164028,37.720139125,2011,4,20,3,Pole - Not_Offensive
756,-122.430870519,37.720910976,2011,4,20,35,Pole - Not_Offensive
757,-122.432633266404,37.721472387703,2011,4,20,3,Pole - Not_Offensive
758,-122.433516043824,37.722021229299,2011,4,20,3,Pole - Not_Offensive
759,-122.433606259599,37.7220003043685,2011,4,20,3,Pole - Not_Offensive
760,-122.430452584,37.724725094,2011,4,30,3,Pole - Not_Offensive
761,-122.433555359428,37.7177439167919,2011,5,3,1,Sidewalk_in_front_of_property - Not_Offensive
762,-122.433050176,37.717758539,2011,5,3,4,Pole - Not_Offensive
763,-122.430528791,37.717872958,2011,5,3,58,Sidewalk_in_front_of_property - Not_Offensive
764,-122.430736466,37.724603422,2011,5,11,2,Pole - Offensive
765,-122.429636855,37.717615625,2011,5,11,6,Pole - Not_Offensive
766,-122.430280815,37.722705332,2011,5,25,2,Pole - Not_Offensive
767,-122.433231497,37.723932354,2011,5,25,7,Pole - Not_Offensive
768,-122.432579805,37.723873549,2011,5,25,55,Building_other - Not_Offensive
769,-122.431137288,37.717602298,2011,5,25,8,Sidewalk_in_front_of_property - Not_Offensive
770,-122.430280815,37.722705332,2011,5,25,2,Signal_box - Not_Offensive
771,-122.42955364,37.720604294,2011,6,9,5,Pole - Not_Offensive
772,-122.430452584,37.724725094,2011,6,14,9,Pole - Not_Offensive
773,-122.430841408,37.717460736,2011,6,14,9,Pole - Not_Offensive
774,-122.429978142015,37.7181475983677,2011,6,14,10,Sidewalk_in_front_of_property - Not_Offensive
775,-122.430832732,37.722784464,2011,6,24,7,Pole - Not_Offensive
776,-122.430832732,37.722784464,2011,6,24,7,Pole - Not_Offensive
777,-122.433231497,37.723932354,2011,6,24,2,Pole - Not_Offensive
778,-122.433231497,37.723932354,2011,6,24,2,Pole - Not_Offensive
779,-122.43042582,37.720698783,2011,6,24,2,Pole - Not_Offensive
780,-122.431957506,37.721752399,2011,7,7,2,Pole - Not_Offensive
781,-122.431512851,37.72234067,2011,7,7,2,Pole - Not_Offensive
782,-122.430202109,37.724069107,2011,7,7,2,Pole - Not_Offensive
783,-122.433827938315,37.719923612838,2011,7,7,2,Pole - Offensive
784,-122.433614102,37.719629846,2011,7,7,2,Pole - Offensive
785,-122.43254159,37.720076245,2011,7,7,2,Pole - Not_Offensive
786,-122.43318523147,37.7196805484089,2011,7,7,2,Pole - Not_Offensive
787,-122.432047812,37.721634448,2011,7,7,2,Pole - Not_Offensive
788,-122.431646798,37.722172009,2011,7,7,2,Pole - Not_Offensive
789,-122.429581811,37.724686619,2011,7,7,2,Pole - Not_Offensive
790,-122.429652443,37.724343467,2011,7,7,2,Mail_box - Offensive
791,-122.430189448,37.723182051,2011,7,7,46,Building_residential - Offensive
792,-122.430019851,37.724774762,2011,7,10,3,Pole - Not_Offensive
793,-122.430452584,37.724725094,2011,7,20,55,Sidewalk_in_front_of_property - Not_Offensive
794,-122.433050183,37.717958242,2011,7,25,45,Pole - Not_Offensive
795,-122.429599088358,37.7200904065534,2011,7,25,7,Pole - Not_Offensive
796,-122.431568670187,37.724583559879,2011,7,27,3,Pole - Not_Offensive
797,-122.432817223,37.723361743,2011,7,27,3,Pole - Not_Offensive
798,-122.433231497,37.723932354,2011,8,11,32,Pole - Not_Offensive
799,-122.430280815,37.722705332,2011,8,11,21,Signal_box - Not_Offensive
800,-122.433231497,37.723932354,2011,8,11,45,Sidewalk_in_front_of_property - Offensive
801,-122.430026261039,37.7223979861424,2011,8,11,255,Building_residential - Offensive
802,-122.431633236738,37.7231671628729,2011,8,11,28,Building_residential - Offensive
803,-122.431204865733,37.7208554877297,2011,8,14,4,Pole - Not_Offensive
804,-122.4318787928,37.721112796814,2011,8,14,10,Pole - Not_Offensive
805,-122.430870519,37.720910976,2011,8,14,4,Pole - Not_Offensive
806,-122.43200636,37.721237095,2011,8,14,4,Pole - Not_Offensive
807,-122.430452584,37.724725094,2011,8,14,31,Sidewalk_in_front_of_property - Not_Offensive
808,-122.43100094,37.720140791,2011,8,17,125,Building_residential - Not_Offensive
809,-122.432145804,37.723674647,2011,8,20,12,Building_residential - Offensive
810,-122.433555359428,37.7177439167919,2011,8,22,7,City_receptacle - Not_Offensive
811,-122.432339867,37.719100816,2011,9,10,79,Building_residential - Not_Offensive
812,-122.429599088358,37.7200904065534,2011,9,14,3,Pole - Not_Offensive
813,-122.430429250006,37.724650056487,2011,9,23,29,Building_commercial - Not_Offensive
814,-122.430452584,37.724725094,2011,9,23,1,Sidewalk_in_front_of_property - Not_Offensive
815,-122.430832732,37.722784464,2011,9,26,32,Pole - Not_Offensive
816,-122.432250012,37.717373634,2011,9,30,2,Pole - Not_Offensive
817,-122.433387977664,37.717727971095,2011,9,30,32,Pole - Not_Offensive
818,-122.432754523,37.717359863,2011,9,30,32,Pole - Not_Offensive
819,-122.433555359428,37.7177439167919,2011,9,30,28,Building_residential - Not_Offensive
820,-122.433555359428,37.7177439167919,2011,9,30,8,City_receptacle - Not_Offensive
821,-122.432145804,37.723674647,2011,10,15,6,Building_residential - Not_Offensive
822,-122.433736087,37.723919951,2011,10,15,7,Pole - Not_Offensive
823,-122.430537142,37.722787935,2011,10,19,3,Sidewalk_in_front_of_property - Offensive
824,-122.432339867,37.719100816,2011,10,24,2,Building_residential - Not_Offensive
825,-122.432352643,37.719126702,2011,10,24,2,Building_residential - Not_Offensive
826,-122.432339867,37.719100816,2011,10,26,33,Building_residential - Offensive
827,-122.429947082,37.718509619,2011,11,10,8,Building_residential - Not_Offensive
828,-122.433231497,37.723932354,2011,11,17,29,Pole - Not_Offensive
829,-122.433480319,37.724590285,2011,11,17,29,Pole - Not_Offensive
830,-122.433231497,37.723932354,2011,11,17,7,Sidewalk_in_front_of_property - Offensive
831,-122.430189448,37.723182051,2011,11,17,72,Building_residential - Not_Offensive
832,-122.431849898,37.723533087,2011,12,11,18,Pole - Not_Offensive
833,-122.432432013241,37.723549622914,2011,12,11,3,Pole - Not_Offensive
834,-122.431759883,37.719138348,2011,12,16,1,Pole - Not_Offensive
835,-122.432055771,37.719279907,2011,12,16,3,Pole - Not_Offensive
836,-122.432087409,37.718900584,2011,12,16,3,Pole - Not_Offensive
837,-122.432385117155,37.7192983904956,2011,12,16,3,Pole - Not_Offensive
838,-122.431374433,37.718943591,2011,12,16,3,Pole - Not_Offensive
839,-122.430452584,37.724725094,2011,12,22,7,Pole - Not_Offensive
840,-122.433376648,37.724260979,2011,12,22,7,Pole - Not_Offensive
841,-122.430452584,37.724725094,2012,1,6,6,Pole - Not_Offensive
842,-122.433231497,37.723932354,2012,1,6,6,Pole - Not_Offensive
843,-122.430736466,37.724603422,2012,1,6,4,Pole - Not_Offensive
844,-122.429599088358,37.7200904065534,2012,1,23,1,Pole - Not_Offensive
845,-122.429599088358,37.7200904065534,2012,1,23,4,Sidewalk_structure - Not_Offensive
846,-122.429599088358,37.7200904065534,2012,1,23,4,Sidewalk_structure - Not_Offensive
847,-122.429599088358,37.7200904065534,2012,1,23,1,Signal_box - Not_Offensive
848,-122.430537142,37.722787935,2012,1,27,5,Pole - Not_Offensive
849,-122.432432013241,37.723549622914,2012,1,27,5,Pole - Not_Offensive
850,-122.432509612,37.723767569,2012,1,27,5,Pole - Not_Offensive
851,-122.432115045,37.724420398,2012,1,27,5,Pole - Not_Offensive
852,-122.433387977664,37.717727971095,2012,1,31,1,Pole - Not_Offensive
853,-122.433555359428,37.7177439167919,2012,1,31,1,Pole - Not_Offensive
854,-122.429775967,37.720310025,2012,2,7,5,Sidewalk_in_front_of_property - Offensive
855,-122.433231497,37.723932354,2012,2,13,1,Pole - Not_Offensive
856,-122.432385117155,37.7192983904956,2012,3,2,3,Pole - Not_Offensive
857,-122.432432013241,37.723549622914,2012,3,19,3,Pole - Not_Offensive
858,-122.433736087,37.723919951,2012,3,19,3,Pole - Not_Offensive
859,-122.430061696,37.724321929,2012,3,19,3,Pole - Not_Offensive
860,-122.432339867,37.719100816,2012,4,2,2,Sidewalk_in_front_of_property - Not_Offensive
861,-122.431204865733,37.7208554877297,2012,4,2,2,Pole - Not_Offensive
862,-122.43197823,37.720287936,2012,4,2,2,Pole - Not_Offensive
863,-122.433555359428,37.7177439167919,2012,4,2,2,Pole - Not_Offensive
864,-122.433050176,37.717758539,2012,4,2,2,Pole - Not_Offensive
865,-122.433387977664,37.717727971095,2012,4,2,2,Pole - Not_Offensive
866,-122.431204865733,37.7208554877297,2012,4,2,5,Pole - Not_Offensive
867,-122.433555359428,37.7177439167919,2012,4,2,2,Pole - Not_Offensive
868,-122.433555359428,37.7177439167919,2012,4,2,2,Pole - Not_Offensive
869,-122.431385407,37.72016443,2012,4,2,2,Building_residential - Not_Offensive
870,-122.431520793662,37.720332564073,2012,4,2,2,Building_residential - Not_Offensive
871,-122.433231497,37.723932354,2012,4,18,1,Pole - Not_Offensive
872,-122.430452584,37.724725094,2012,5,16,40,Fire_Police_Callbox - Not_Offensive
873,-122.432579805,37.723873549,2012,5,16,110,Building_residential - Not_Offensive
874,-122.432987777624,37.723879884502,2012,5,16,40,Building_residential - Not_Offensive
875,-122.430452584,37.724725094,2012,5,17,39,Sidewalk_in_front_of_property - Not_Offensive
876,-122.429730814,37.720369,2012,5,31,26,Sidewalk_in_front_of_property - Not_Offensive
877,-122.432385117155,37.7192983904956,2012,6,18,9,Pole - Not_Offensive
878,-122.432385117155,37.7192983904956,2012,6,18,9,Signal_box - Not_Offensive
879,-122.430452584,37.724725094,2012,7,19,1,Pole - Not_Offensive
880,-122.430452584,37.724725094,2012,7,19,1,Pole - Not_Offensive
881,-122.433231497,37.723932354,2012,7,19,2,Pole - Not_Offensive
882,-122.429652443,37.724343467,2012,7,19,4,Pole - Not_Offensive
883,-122.433736087,37.723919951,2012,7,19,4,Pole - Not_Offensive
884,-122.432432013241,37.723549622914,2012,7,20,5,Signal_box - Not_Offensive
885,-122.430452584,37.724725094,2012,7,20,5,Fire_Police_Callbox - Not_Offensive
886,-122.433231497,37.723932354,2012,7,20,1,Fire_Police_Callbox - Not_Offensive
887,-122.433322724,37.722121442,2012,7,20,-735005,Building_residential - Not_Offensive
888,-122.431965259,37.723115033,2012,7,23,2,Pole - Not_Offensive
889,-122.432112343,37.723185689,2012,7,23,2,Pole - Not_Offensive
890,-122.430026261039,37.7223979861424,2012,7,23,8,Pole - Not_Offensive
891,-122.430026261039,37.7223979861424,2012,7,23,9,Sidewalk_in_front_of_property - Not_Offensive
892,-122.432385117155,37.7192983904956,2012,7,24,3,Signal_box - Not_Offensive
893,-122.433380568,37.722749818,2012,7,31,3,Pole - Not_Offensive
894,-122.433606259599,37.7220003043685,2012,7,31,1,Pole - Not_Offensive
895,-122.432321099713,37.720714292937,2012,9,6,1,Pole - Offensive
896,-122.433827938315,37.719923612838,2012,9,6,1,Pole - Offensive
897,-122.430832732,37.722784464,2012,9,6,3,Pole - Not_Offensive
898,-122.43200636,37.721237095,2012,9,6,3,Pole - Not_Offensive
899,-122.433614102,37.719629846,2012,9,6,3,Pole - Not_Offensive
900,-122.433231497,37.723932354,2012,9,17,4,Pole - Not_Offensive
901,-122.431633236738,37.7231671628729,2012,9,17,3,Pole - Not_Offensive
902,-122.42955364,37.720604294,2012,10,23,1,Pole - Not_Offensive
903,-122.431330651,37.718256748,2012,10,23,1,Pole - Not_Offensive
904,-122.432250012,37.717373634,2012,10,23,2,Pole - Not_Offensive
905,-122.432754523,37.717359863,2012,10,23,1,Pole - Not_Offensive
906,-122.431299436397,37.720837452167,2012,10,24,-735099,Building_other - Not_Offensive
907,-122.433429697,37.721780163,2012,11,3,-735108,Building_other - Not_Offensive
908,-122.432863672,37.723884549,2012,11,21,7,Pole - Not_Offensive
909,-122.430452584,37.724725094,2012,11,27,3,Pole - Not_Offensive
910,-122.430452584,37.724725094,2012,11,27,3,Fire_Police_Callbox - Not_Offensive
911,-122.43100094,37.720140791,2012,12,4,44,Building_residential - Not_Offensive
912,-122.431299436397,37.720837452167,2012,12,7,-735142,Building_other - Not_Offensive
913,-122.432385117155,37.7192983904956,2012,12,19,8,Sidewalk_structure - Not_Offensive
914,-122.430026261039,37.7223979861424,2012,12,19,8,Pole - Not_Offensive
915,-122.43286066,37.723502773,2012,12,19,3,Pole - Not_Offensive
916,-122.432385117155,37.7192983904956,2013,1,4,-735174,Fire_Police_Callbox - Not_Offensive
917,-122.431374433,37.718943591,2013,1,31,1,Pole - Not_Offensive
918,-122.429599088358,37.7200904065534,2013,2,1,5,Sidewalk_in_front_of_property - Not_Offensive
919,-122.433080151,37.71738199,2013,2,1,14,Building_residential - Not_Offensive
920,-122.432128014,37.717735486,2013,2,8,1,Pole - Not_Offensive
921,-122.431893991,37.718044785,2013,2,8,1,Pole - Not_Offensive
922,-122.432863672,37.723884549,2013,2,13,3,Pole - Offensive
923,-122.43049036,37.722251674,2013,2,15,1,Pole - Not_Offensive
924,-122.431113929,37.721428357,2013,2,15,1,Pole - Not_Offensive
925,-122.431577001,37.720816985,2013,2,15,1,Pole - Not_Offensive
926,-122.431799335,37.720523262,2013,2,15,9,Pole - Not_Offensive
927,-122.431820396717,37.720150227493,2013,2,15,9,Pole - Not_Offensive
928,-122.432334279,37.719817037,2013,2,15,9,Pole - Not_Offensive
929,-122.433375528,37.718434718,2013,2,15,1,Pole - Not_Offensive
930,-122.430026261039,37.7223979861424,2013,2,15,13,Sidewalk_in_front_of_property - Not_Offensive
931,-122.430026261039,37.7223979861424,2013,2,15,31,Fire_Police_Callbox - Not_Offensive
932,-122.432385117155,37.7192983904956,2013,2,15,8,Fire_Police_Callbox - Not_Offensive
933,-122.432385117155,37.7192983904956,2013,2,15,3,Signal_box - Not_Offensive
934,-122.432385117155,37.7192983904956,2013,3,5,5,City_receptacle - Not_Offensive
935,-122.432106609359,37.723329769895,2013,3,13,36,Building_residential - Not_Offensive
936,-122.431965259,37.723115033,2013,3,14,3,Pole - Not_Offensive
937,-122.432112343,37.723185689,2013,3,14,3,Pole - Not_Offensive
938,-122.433736087,37.723919951,2013,3,14,3,Pole - Not_Offensive
939,-122.433231497,37.723932354,2013,3,14,12,Fire_Police_Callbox - Not_Offensive
940,-122.429652443,37.724343467,2013,3,18,3,Pole - Not_Offensive
941,-122.429652443,37.724343467,2013,3,18,3,Pole - Not_Offensive
942,-122.43318523147,37.7196805484089,2013,3,18,3,Pole - Not_Offensive
943,-122.430832732,37.722784464,2013,3,18,9,Sidewalk_in_front_of_property - Not_Offensive
944,-122.430832732,37.722784464,2013,3,18,3,Pole - Not_Offensive
945,-122.43200636,37.721237095,2013,3,18,3,Pole - Not_Offensive
946,-122.429652443,37.724343467,2013,3,18,3,Pole - Not_Offensive
947,-122.432768981,37.719777766,2013,3,18,3,Pole - Offensive
948,-122.432385117155,37.7192983904956,2013,4,18,2,Pole - Not_Offensive
949,-122.432385117155,37.7192983904956,2013,4,18,3,Signal_box - Not_Offensive
950,-122.430446192,37.724345845,2013,5,3,3,Pole - Not_Offensive
951,-122.433606259599,37.7220003043685,2013,5,3,3,Pole - Not_Offensive
952,-122.433231497,37.723932354,2013,5,3,3,Pole - Not_Offensive
953,-122.432806132432,37.7216186986126,2013,5,3,3,Pole - Not_Offensive
954,-122.432806132432,37.7216186986126,2013,5,3,3,Pole - Not_Offensive
955,-122.433429697,37.721780163,2013,5,3,-735293,Pole - Not_Offensive
956,-122.432806132432,37.7216186986126,2013,5,3,6,Fire_Police_Callbox - Not_Offensive
957,-122.433142188,37.721562379,2013,5,3,29,Sidewalk_in_front_of_property - Not_Offensive
958,-122.430452584,37.724725094,2013,5,17,5,Fire_Police_Callbox - Not_Offensive
959,-122.431212187,37.718954492,2013,6,4,3,Pole - Not_Offensive
960,-122.43081096,37.719483539,2013,6,4,3,Pole - Not_Offensive
961,-122.430454902,37.719954433,2013,6,4,3,Pole - Not_Offensive
962,-122.431123597,37.719071866,2013,6,4,3,Pole - Not_Offensive
963,-122.431633236738,37.7231671628729,2013,6,12,31,Pole - Not_Offensive
964,-122.431759883,37.719138348,2013,6,12,1,Pole - Not_Offensive
965,-122.431633236738,37.7231671628729,2013,6,12,3,Pole - Not_Offensive
966,-122.433614102,37.719629846,2013,6,12,3,Pole - Not_Offensive
967,-122.429599088358,37.7200904065534,2013,6,12,3,Pole - Not_Offensive
968,-122.430280815,37.722705332,2013,6,12,3,Pole - Not_Offensive
969,-122.432432013241,37.723549622914,2013,6,12,3,Signal_box - Not_Offensive
970,-122.430411431,37.720477615,2013,6,12,3,Sidewalk_structure - Not_Offensive
971,-122.433231497,37.723932354,2013,6,12,1,Fire_Police_Callbox - Not_Offensive
972,-122.429599088358,37.7200904065534,2013,6,12,1,Fire_Police_Callbox - Not_Offensive
973,-122.432250012,37.717373634,2013,7,8,5,Pole - Not_Offensive
974,-122.429978142015,37.7181475983677,2013,7,9,15,Fire_Police_Callbox - Not_Offensive
975,-122.429732460494,37.718094204764,2013,7,12,1,Pole - Not_Offensive
976,-122.430069753,37.717573921,2013,7,12,1,Pole - Not_Offensive
977,-122.432385117155,37.7192983904956,2013,7,15,1,Signal_box - Offensive
978,-122.430079802,37.718227255,2013,8,3,-735383,Building_other - Not_Offensive
979,-122.431671679,37.718339058,2013,8,10,1,Pole - Not_Offensive
980,-122.431893991,37.718044785,2013,8,10,1,Pole - Not_Offensive
981,-122.432250023,37.717573612,2013,8,10,1,Pole - Offensive
982,-122.432754523,37.717359863,2013,8,10,1,Pole - Not_Offensive
983,-122.43200636,37.721237095,2013,8,10,1,Pole - Not_Offensive
984,-122.4318787928,37.721112796814,2013,8,10,1,Pole - Not_Offensive
985,-122.431204865733,37.7208554877297,2013,8,10,1,Pole - Not_Offensive
986,-122.430748498435,37.721346725248,2013,8,10,1,Pole - Not_Offensive
987,-122.431183801,37.718860188,2013,8,10,5,Pole - Not_Offensive
988,-122.432377088,37.717473187,2013,8,10,-735390,Pole - Not_Offensive
989,-122.430703280722,37.721405898883,2013,8,10,5,Pole - Not_Offensive
990,-122.429889151,37.722205212,2013,8,10,1,Pole - Not_Offensive
991,-122.432806132432,37.7216186986126,2013,8,10,10,Fire_Police_Callbox - Not_Offensive
992,-122.431032374,37.724744984,2013,8,14,1,Pole - Offensive
993,-122.429581811,37.724686619,2013,8,17,1,Pole - Not_Offensive
994,-122.431633236738,37.7231671628729,2013,8,17,1,Pole - Not_Offensive
995,-122.433231497,37.723932354,2013,8,17,31,Fire_Police_Callbox - Not_Offensive
996,-122.432432013241,37.723549622914,2013,8,27,3,Signal_box - Not_Offensive
997,-122.432385117155,37.7192983904956,2013,9,5,3,Signal_box - Not_Offensive
998,-122.432145804,37.723674647,2013,9,7,-735417,Building_other - Not_Offensive
999,-122.431677301,37.72121667,2013,9,14,-735424,Building_other - Not_Offensive
1000,-122.429652443,37.724343467,2013,9,17,1,Pole - Not_Offensive
1001,-122.431633236738,37.7231671628729,2013,9,17,1,Pole - Not_Offensive
1002,-122.433231497,37.723932354,2013,9,17,7,Fire_Police_Callbox - Offensive
1003,-122.431049764,37.72315147,2013,9,17,3,Sidewalk_in_front_of_property - Not_Offensive
1004,-122.433231497,37.723932354,2013,10,8,4,Pole - Offensive
1005,-122.433231497,37.723932354,2013,10,8,4,Pole - Offensive
1006,-122.433654137,37.723760875,2013,10,10,4,Pole - Not_Offensive
1007,-122.433216798,37.723633178,2013,10,10,4,Pole - Not_Offensive
1008,-122.433606259599,37.7220003043685,2013,10,15,10,Sidewalk_in_front_of_property - Not_Offensive
1009,-122.433698834,37.721424685,2013,10,15,2,Sidewalk_in_front_of_property - Not_Offensive
1010,-122.430280815,37.722705332,2013,10,26,3,Transit_Shelter_Platform - Offensive
1011,-122.432817223,37.723361743,2013,11,1,3,Pole - Not_Offensive
1012,-122.432509612,37.723767569,2013,11,1,3,Pole - Not_Offensive
1013,-122.43349519692,37.72225337234,2013,11,1,3,Pole - Not_Offensive
1014,-122.432115045,37.724420398,2013,11,1,3,Pole - Not_Offensive
1015,-122.433337137,37.722808492,2013,11,1,3,Pole - Not_Offensive
1016,-122.431552964,37.717962475,2013,11,7,3,Pole - Not_Offensive
1017,-122.430912795,37.718811065,2013,11,7,3,Pole - Not_Offensive
1018,-122.430213961367,37.719383406923,2013,11,7,3,Pole - Not_Offensive
1019,-122.429897348295,37.719802408928,2013,11,7,3,Pole - Not_Offensive
1020,-122.431633236738,37.7231671628729,2013,11,21,3,Pole - Not_Offensive
1021,-122.432112343,37.723185689,2013,11,21,3,Pole - Not_Offensive
1022,-122.430280815,37.722705332,2013,11,21,5,Signal_box - Not_Offensive
1023,-122.433429697,37.721780163,2013,11,21,24,Sidewalk_structure - Not_Offensive
1024,-122.431049764,37.72315147,2013,11,21,4,Sidewalk_in_front_of_property - Not_Offensive
1025,-122.433606259599,37.7220003043685,2013,11,21,10,Sidewalk_in_front_of_property - Offensive
1026,-122.433215722,37.721597432,2013,11,21,15,Sidewalk_in_front_of_property - Not_Offensive
1027,-122.4318787928,37.721112796814,2013,12,4,1,Pole - Not_Offensive
1028,-122.431204865733,37.7208554877297,2013,12,4,3,Pole - Not_Offensive
1029,-122.4318787928,37.721112796814,2013,12,4,3,Pole - Not_Offensive
1030,-122.4331268,37.721301917026,2013,12,4,3,Pole - Not_Offensive
1031,-122.433511343012,37.720794482135,2013,12,4,3,Pole - Not_Offensive
1032,-122.432385117155,37.7192983904956,2013,12,16,-735516,Signal_box - Not_Offensive
1033,-122.429887209145,37.718168222596,2013,12,19,23,Building_residential - Not_Offensive
1034,-122.429897348295,37.719802408928,2013,12,20,4,Pole - Not_Offensive
1035,-122.430213961367,37.719383406923,2013,12,20,4,Pole - Not_Offensive
1036,-122.430253692722,37.719117369527,2013,12,20,7,Sidewalk_in_front_of_property - Not_Offensive
1037,-122.429650142,37.718127438,2013,12,22,1,Other_enter_additional_details_below - Offensive
1038,-122.429650142,37.718127438,2013,12,22,20,Building_residential - Offensive
1039,-122.432385117155,37.7192983904956,2014,1,2,2,Signal_box - Not_Offensive
1040,-122.432385117155,37.7192983904956,2014,1,2,12,Fire_Police_Callbox - Not_Offensive
1041,-122.432465674,37.717355812,2014,1,9,4,Building_residential - Not_Offensive
1042,-122.430912795,37.718811065,2014,1,28,-735563,Mail_box - Offensive
1043,-122.43162329058,37.721119132055,2014,1,29,-735564,Building_other - Not_Offensive
1044,-122.432385117155,37.7192983904956,2014,2,5,3,Signal_box - Not_Offensive
1045,-122.429908531059,37.722445921052,2014,3,1,7,Fire_Police_Callbox - Not_Offensive
1046,-122.431322316978,37.720807459444,2014,3,11,-735606,Building_other - Not_Offensive
1047,-122.429978142015,37.7181475983677,2014,4,14,4,Fire_Police_Callbox - Not_Offensive
1048,-122.429908531059,37.722445921052,2014,4,25,4,Transit_Shelter_Platform - Offensive
1049,-122.429908531059,37.722445921052,2014,4,29,2,Transit_Shelter_Platform - Offensive
1050,-122.42998612,37.722010788,2014,5,9,4,Transit_Shelter_Platform - Offensive
1051,-122.431728867857,37.717379088873,2014,5,9,2,Building_residential - Not_Offensive
1052,-122.432385117155,37.7192983904956,2014,5,31,31,Signal_box - Offensive
1053,-122.429908531059,37.722445921052,2014,6,5,5,Transit_Shelter_Platform - Offensive
1054,-122.429772777,37.722518073,2014,6,23,9,Transit_Shelter_Platform - Offensive
1055,-122.429934305,37.722146237,2014,6,28,1,Transit_Shelter_Platform - Offensive
1056,-122.433720514141,37.719872293138,2014,7,8,41,Building_commercial - Not_Offensive
